ProcedureCode,TotalProc
Invalid,77
0001A,1
0004A,3
0011A,1
00120,5
0013A,5
00140,1
00142,2
00170,2
00190,1
0027U,1
00300,12
00320,3
0034U,1
00400,28
00410,14
0042T,4520
00450,50
0051A,11
00520,6
0052A,4
00532,35
0053A,1
00540,1
0054A,1
0054T,3
0055T,58
00620,1
00635,3
00731,27
00752,3
0075T,1
0077U,3
00790,17
00811,2
00813,6
00820,1
00830,6
00840,76
00846,1
00851,8
00860,1
0086U,138
00902,8
00910,8
00918,3
00920,1
00921,2
00930,1
00940,3
00948,1
0104A,1
01120,1
0115U,438
01160,1
01200,13
01202,1
01210,4
01214,2
01215,1
0121A,1
01220,5
01230,19
0124A,44
01250,2
01320,6
01340,2
0134A,4
01360,4
01382,1
01390,3
01392,53
01400,17
01402,1
0140U,58
01462,20
01470,8
01474,1
01480,75
01620,15
01630,19
01638,5
01710,1
0171A,2
0172A,1
01730,16
01740,22
0174A,2
0174T,1
01770,1
01810,15
01820,51
01830,74
01840,1
0184T,1
01860,4
01916,1
01922,1
01960,1
01965,6
01966,1
01967,1
01991,7
01999,3
0202U,52522
0216T,1
0223U,2475
0225U,107
0241U,74442
0275T,2
0282U,1
0352U,41
0402T,2
0404T,1
0421T,309
0439T,1
0449T,1
0502T,26
0503T,26
0523T,1
0529T,1
0530T,1
0625T,1
0653T,2
0654T,2
0715T,26
0736T,1
0746T,1
0747T,2
0753T,9
0756T,3
0760T,2
0761T,2
0763T,1
10004,1
10005,113
10006,15
10007,3
10009,17
10021,366
10030,158
10040,2
10060,56957
10061,10198
10080,4560
10081,773
10120,5507
10121,191
10140,1953
10160,4475
10180,94
11000,99
11004,6
11005,5
11008,3
11010,62
11011,20
11012,214
11042,662
11043,165
11044,135
11045,21
11046,43
11047,6
11055,51
11056,2
11057,1
11102,20
11103,4
11104,174
11105,41
11106,28
11107,6
11200,98
11303,1
11305,2
11400,11
11401,8
11402,19
11403,3
11404,4
11406,8
11420,19
11421,7
11422,6
11423,3
11424,2
11426,3
11440,5
11441,2
11442,2
11443,2
11444,1
11446,2
11450,3
11470,2
11602,2
11606,5
11622,2
11626,1
11643,1
11719,60
11720,42
11721,6
11730,6927
11732,155
11740,3364
11750,2823
11755,2
11760,1800
11762,8
11765,1384
11770,45
11771,3
11772,4
11900,1
11970,6
11971,12
11976,6
11981,18
11982,61
11983,4
12001,116228
12002,77204
12004,9424
12005,2256
12006,417
12007,180
12011,74139
12013,27728
12014,3273
12015,1601
12016,231
12017,31
12018,8
12020,486
12021,29
12031,1295
12032,3809
12034,1519
12035,545
12036,108
12037,30
12041,1493
12042,2038
12044,306
12045,52
12046,11
12047,1
12051,2965
12052,3148
12053,677
12054,454
12055,81
12056,9
12057,1
13100,20
13101,83
13102,34
13120,130
13121,1316
13122,738
13131,634
13132,1579
13133,328
13151,423
13152,706
13153,88
13160,44
14001,7
14020,12
14021,4
14040,147
14041,20
14060,62
14061,3
14301,28
14302,7
14350,1
15002,10
15003,4
15004,17
15050,7
15100,8
15120,10
15220,1
15240,24
15241,2
15260,4
15271,14
15272,4
15273,4
15274,6
15275,13
15276,1
15574,1
15730,10
15731,11
15733,110
15734,1
15736,4
15738,1
15757,1
15760,5
15769,3
15770,3
15771,7
15772,5
15773,14
15774,8
15775,3
15777,23
15778,1
15781,1
15786,1
15820,2
15821,2
15822,6
15824,2
15825,1
15828,2
15829,1
15830,11
15836,1
15839,5
15847,4
15851,19
15852,13
15853,8683
15854,350
15860,6
15876,3
15877,5
15878,4
15934,1
15999,2
16000,1070
16020,6716
16025,381
16030,124
16035,8
16036,13
17000,5
17003,4
17106,4
17110,24
17250,169
17262,1
17266,2
17311,3
17312,1
17313,1
17315,1
17999,137
19000,107
19001,9
19020,140
19081,9
19083,24
19084,4
19100,2
19101,17
19120,14
19125,1
19281,6
19283,1
19285,2
19286,6
19288,1
19300,1
19301,19
19302,9
19303,109
19307,18
19318,18
19325,18
19328,30
19330,2
19340,5
19342,19
19350,3
19357,34
19361,7
19364,1
19370,6
19371,23
19380,9
19499,6
20100,3
20101,6
20102,20
20103,227
20200,1
20205,2
20206,38
20220,50
20225,33
20240,8
20245,3
20250,1
20500,3
20501,7
20520,104
20525,14
20526,5
20550,56
20551,19
20552,2487
20553,373
20560,24
20561,4
20600,161
20604,25
20605,1463
20606,188
20610,5287
20611,681
20612,44
20650,6
20670,28
20680,85
20690,74
20692,26
20693,3
20694,22
20696,1
20700,2
20705,1
20816,2
20822,14
20900,6
20902,1
20922,2
20930,18
20931,11
20936,7
20938,1
20939,1
20950,13
20985,253
20999,63
21011,2
21073,2
21085,14
21110,21
21120,1
21121,7
21122,3
21127,1
21139,18
21141,1
21142,2
21145,2
21146,1
21147,4
21151,1
21172,1
21195,1
21196,5
21198,1
21206,1
21209,14
21210,4
21215,2
21235,1
21256,7
21270,4
21282,2
21299,6
21315,186
21320,105
21325,7
21330,4
21337,24
21345,3
21356,3
21360,1
21365,6
21366,1
21386,2
21387,1
21390,3
21395,1
21400,19
21401,1
21406,1
21421,8
21422,7
21440,28
21445,1
21450,5
21451,17
21452,2
21453,57
21461,8
21462,19
21465,6
21470,7
21480,790
21485,10
21497,24
21501,102
21550,12
21552,3
21555,1
21820,2
21899,1
21925,2
21931,2
21932,2
21933,1
22222,1
22224,1
22310,37
22327,1
22510,6
22511,14
22512,8
22513,15
22514,34
22515,9
22551,45
22552,25
22554,1
22558,3
22585,1
22600,1
22612,2
22630,2
22633,2
22830,1
22840,3
22842,2
22845,20
22846,1
22850,1
22853,37
22856,29
22858,12
22899,1
22900,2
22901,1
22902,2
22903,6
22999,6
23030,9
23071,1
23120,2
23125,1
23130,3
23184,1
23330,7
23350,1
23395,1
23410,2
23412,7
23430,28
23450,1
23470,3
23472,177
23473,7
23474,5
23491,1
23500,146
23505,32
23515,81
23525,13
23540,83
23545,119
23550,9
23552,1
23570,26
23575,58
23585,2
23600,175
23605,154
23615,37
23616,2
23620,41
23625,22
23630,1
23650,12280
23655,1476
23660,3
23665,303
23675,113
23680,5
23929,8
23930,16
23931,85
24000,3
24071,2
24075,1
24101,2
24105,1
24120,1
24200,34
24201,5
24220,5
24300,2
24340,3
24341,15
24342,2
24343,4
24365,1
24366,5
24400,1
24430,1
24435,2
24500,121
24505,359
24515,29
24516,13
24530,154
24535,237
24538,272
24545,25
24546,13
24560,34
24565,70
24566,4
24575,13
24576,42
24577,39
24579,19
24582,8
24586,26
24587,2
24600,1817
24605,357
24615,4
24620,186
24635,17
24640,6064
24650,139
24655,272
24665,10
24666,2
24670,93
24675,161
24685,50
24999,87
25000,1
25020,3
25023,1
25028,10
25073,1
25075,1
25101,6
25111,1
25115,1
25116,1
25125,2
25151,1
25246,1
25248,8
25259,4
25260,39
25263,1
25270,32
25272,1
25275,1
25295,1
25320,6
25332,1
25350,1
25360,3
25400,11
25405,4
25415,11
25420,1
25441,1
25447,1
25449,1
25491,1
25500,60
25505,502
25515,16
25520,70
25525,4
25526,4
25530,37
25535,177
25545,26
25560,119
25565,2295
25574,5
25575,44
25600,916
25605,14798
25606,67
25607,75
25608,59
25609,94
25622,35
25624,31
25628,16
25630,33
25635,34
25645,2
25650,80
25651,10
25652,35
25660,40
25670,4
25671,1
25675,284
25676,2
25680,163
25685,2
25690,42
25695,3
25800,1
25810,1
25999,7
26010,3666
26011,275
26020,25
26030,1
26037,1
26055,12
26070,2
26075,9
26080,20
26111,2
26116,1
26125,1
26135,1
26140,3
26145,4
26160,1
26230,1
26235,4
26236,93
26320,10
26340,5
26350,67
26352,1
26356,37
26357,3
26370,17
26410,48
26418,236
26426,5
26432,2
26433,2
26440,2
26442,4
26445,10
26450,1
26455,4
26471,3
26498,1
26500,2
26516,1
26525,1
26530,1
26535,1
26540,18
26545,4
26546,1
26548,5
26565,1
26567,2
26587,3
26591,10
26596,5
26600,284
26605,1414
26607,10
26608,24
26615,56
26641,150
26645,56
26665,5
26670,129
26675,11
26676,2
26685,1
26686,1
26700,522
26705,46
26715,8
26720,243
26725,1779
26727,35
26735,114
26740,16
26742,420
26746,30
26750,185
26755,510
26756,25
26765,146
26770,3872
26775,249
26776,4
26785,43
26841,1
26860,6
26861,2
26862,3
26910,14
26951,221
26952,41
26989,82
26990,14
27000,21
27001,1
27005,1
27025,1
27030,2
27040,1
27041,3
27062,4
27086,1
27087,1
27093,4
27095,2
27096,6
27120,1
27125,8
27130,559
27132,4
27134,14
27137,1
27138,1
27170,2
27176,5
27179,1
27185,1
27187,1
27197,17
27198,2
27217,1
27220,2
27222,11
27230,6
27232,9
27235,32
27236,64
27238,1
27240,4
27244,4
27245,69
27246,3
27248,3
27250,435
27252,153
27253,1
27256,18
27257,50
27258,1
27265,1474
27266,417
27267,1
27268,7
27269,1
27279,3
27280,2
27299,12
27301,105
27303,2
27305,1
27310,18
27323,1
27327,1
27334,6
27339,1
27340,3
27345,1
27350,1
27355,1
27369,2
27372,24
27380,12
27381,1
27385,22
27386,1
27403,7
27405,1
27407,1
27409,1
27412,1
27418,1
27422,2
27425,1
27427,4
27428,2
27430,3
27435,1
27446,33
27447,816
27450,3
27457,1
27465,1
27466,2
27485,1
27486,20
27487,10
27488,1
27500,13
27501,6
27502,65
27503,17
27506,30
27507,7
27508,23
27509,6
27510,40
27511,9
27514,13
27516,1
27519,1
27520,90
27524,43
27530,146
27532,74
27535,24
27536,16
27538,18
27540,7
27550,204
27552,16
27560,1779
27562,84
27566,4
27570,9
27580,2
27590,2
27599,39
27600,3
27601,2
27602,10
27603,27
27604,1
27610,4
27614,1
27618,1
27619,1
27625,2
27650,21
27652,1
27654,1
27658,6
27664,2
27675,1
27680,2
27685,5
27687,12
27691,6
27695,13
27696,1
27698,1
27702,11
27705,2
27707,2
27715,1
27720,3
27725,1
27745,3
27750,122
27752,511
27756,5
27758,26
27759,117
27760,59
27762,217
27766,28
27767,9
27768,49
27769,8
27780,49
27781,123
27784,7
27786,254
27788,797
27792,65
27808,102
27810,1044
27814,100
27816,48
27818,1434
27822,124
27823,25
27824,98
27825,369
27826,1
27827,38
27828,19
27829,71
27830,29
27831,8
27832,2
27840,561
27842,102
27846,2
27848,3
27870,6
27880,2
27882,1
27899,15
28001,3
28002,11
28003,1
28005,1
28008,2
28022,2
28024,2
28039,2
28108,1
28110,1
28111,1
28112,3
28118,2
28119,2
28120,1
28122,1
28124,8
28126,1
28150,1
28160,8
28190,412
28192,41
28193,7
28200,12
28208,14
28210,2
28225,1
28232,1
28238,2
28285,4
28286,1
28288,1
28296,2
28297,3
28298,1
28300,5
28306,1
28308,2
28315,2
28322,1
28341,1
28400,32
28405,11
28415,24
28420,1
28430,22
28435,81
28436,1
28445,11
28450,20
28455,9
28465,4
28470,172
28475,123
28476,13
28485,33
28490,61
28495,130
28496,1
28505,19
28510,71
28515,692
28525,11
28530,1
28540,5
28545,3
28570,7
28575,2
28585,1
28600,19
28605,1
28606,2
28615,4
28630,195
28635,18
28645,2
28660,472
28665,42
28666,1
28675,7
28715,5
28725,11
28730,4
28737,1
28740,6
28750,2
28800,2
28805,12
28810,34
28820,64
28825,43
28899,7
29010,1
29055,5
29065,611
29075,390
29085,79
29086,28
29105,26530
29125,73789
29126,981
29130,19017
29131,499
29240,832
29260,558
29280,551
29305,12
29325,3
29345,236
29355,4
29358,9
29365,5
29405,365
29425,118
29435,1
29440,2
29445,2
29450,3
29505,18313
29515,46061
29520,1
29530,2851
29540,1511
29550,315
29580,44
29581,17
29584,2
29700,47
29705,114
29710,2
29730,3
29740,4
29799,167
29806,1
29807,1
29819,1
29822,5
29823,2
29824,3
29825,1
29826,18
29827,20
29828,9
29834,1
29838,2
29848,1
29851,2
29855,10
29856,2
29861,1
29862,1
29870,1
29871,6
29873,3
29874,2
29876,7
29877,6
29879,1
29880,8
29881,12
29882,5
29883,2
29887,1
29888,12
29889,2
29891,1
29897,1
29898,1
29915,1
29999,6
30000,48
30020,24
30100,2
30110,1
30130,2
30140,5
30300,3837
30310,31
30320,22
30400,3
30410,5
30420,10
30450,2
30460,1
30465,1
30520,21
30580,1
30620,1
30801,1
30901,8317
30903,1425
30905,785
30906,62
30920,1
30930,1
30999,62
31020,1
31030,1
31050,1
31200,1
31231,98
31237,5
31238,83
31240,1
31241,7
31253,2
31254,1
31255,1
31256,7
31259,4
31267,4
31276,3
31287,1
31296,1
31299,1
31500,13180
31502,199
31505,15
31511,9
31515,8
31525,118
31526,5
31528,5
31530,76
31531,4
31535,4
31541,2
31545,1
31570,2
31571,3
31575,747
31576,9
31577,47
31579,5
31599,7
31600,4
31603,10
31605,30
31613,4
31615,15
31622,147
31623,22
31624,107
31625,26
31627,3
31628,20
31629,12
31630,3
31631,1
31632,1
31635,50
31640,4
31641,8
31645,32
31646,1
31652,20
31653,9
31654,12
31720,1495
31725,1
31730,2
31820,4
31899,21
32036,1
32100,33
32110,16
32124,1
32141,1
32160,222
32400,11
32408,128
32480,1
32484,1
32505,1
32506,1
32550,127
32551,1247
32552,19
32554,593
32555,2679
32556,202
32557,136
32560,1
32561,1
32650,2
32654,1
32655,1
32658,1
32666,1
32810,1
32853,1
32940,2
32960,5
32994,1
32997,1
32999,6
33016,61
33017,11
33020,8
33025,2
33206,4
33207,24
33208,467
33210,33
33213,3
33215,16
33216,6
33217,1
33218,2
33220,2
33222,1
33223,1
33224,1
33225,11
33226,3
33227,4
33228,46
33229,6
33233,6
33234,2
33235,5
33240,1
33241,5
33244,3
33249,26
33262,4
33263,6
33264,9
33270,1
33273,1
33274,25
33285,85
33286,14
33289,1
33300,16
33310,1
33320,2
33510,2
33512,1
33534,2
33535,2
33858,1
33880,1
33947,10
33952,11
33967,21
33968,1
33970,1
33990,22
33999,3
34101,2
34111,3
34201,4
34203,4
34490,1
34702,1
34705,3
34710,2
34713,2
35011,1
35045,1
35082,3
35141,1
35184,1
35189,1
35190,13
35201,5
35206,46
35207,22
35216,2
35221,4
35226,48
35236,1
35266,1
35301,10
35302,2
35303,1
35321,1
35355,1
35371,3
35372,2
35556,1
35558,1
35572,2
35702,2
35800,3
35840,8
35860,10
35876,1
35879,2
35903,2
36000,15936
36002,64
36005,30
36010,32
36011,12
36012,18
36013,2
36014,1
36015,3
36140,86
36200,12
36215,31
36216,6
36217,5
36218,1
36221,3
36222,5
36223,7
36224,33
36225,3
36226,30
36227,24
36228,4
36245,33
36246,30
36247,62
36248,17
36251,12
36252,1
36253,3
36299,2
36400,3
36406,10
36410,1466
36415,2298374
36416,14128
36425,49
36430,33926
36440,1
36455,55
36456,6
36460,1
36470,1
36471,1
36475,5
36500,1
36510,4
36512,3
36513,1
36514,6
36522,3
36555,36
36556,3439
36557,2
36558,907
36561,142
36563,3
36565,3
36566,10
36568,10
36569,1423
36571,22
36572,8
36573,1002
36575,54
36576,5
36578,21
36580,44
36581,791
36582,21
36583,1
36584,122
36585,9
36589,329
36590,165
36591,157
36592,977
36593,166
36595,7
36596,3
36597,10
36598,41
36600,17074
36620,463
36625,2
36660,2
36680,511
36800,3
36810,2
36815,1
36818,6
36819,7
36821,16
36825,1
36830,12
36831,15
36832,44
36833,13
36836,3
36837,2
36838,2
36860,7
36861,27
36901,189
36902,305
36903,26
36904,132
36905,578
36906,116
36907,187
36908,24
36909,13
37182,1
37184,10
37185,2
37186,3
37187,27
37191,113
37193,7
37195,375
37197,7
37200,1
37211,7
37212,51
37214,2
37216,1
37220,3
37221,8
37223,1
37224,30
37225,4
37226,14
37227,1
37228,31
37229,2
37232,7
37236,5
37237,1
37238,9
37239,6
37241,4
37242,35
37243,43
37244,55
37246,5
37247,1
37248,73
37249,10
37252,17
37253,5
37565,1
37600,1
37607,26
37609,26
37615,5
37616,3
37617,2
37618,17
37700,2
37722,1
37735,1
37761,1
37765,2
37766,2
37785,5
37790,1
37799,103
38100,14
38120,2
38129,1
38206,1
38207,1
38213,1
38215,1
38220,5
38221,41
38222,87
38300,4
38305,2
38500,20
38505,103
38510,7
38525,109
38531,4
38570,10
38571,74
38572,27
38573,2
38589,5
38720,2
38724,3
38745,5
38792,12
38900,64
38999,1
39010,1
39499,1
39501,3
40490,1
40530,1
40650,595
40652,135
40654,105
40799,27
40800,325
40801,14
40804,110
40805,4
40806,1
40808,4
40810,3
40812,2
40820,1
40830,64
40831,35
40840,1
40845,1
40899,6
41000,20
41005,6
41006,1
41007,5
41008,87
41009,4
41010,11
41015,2
41016,1
41017,11
41018,4
41100,5
41105,2
41108,3
41112,3
41120,1
41250,273
41251,21
41252,90
41520,3
41599,23
41800,2628
41805,5
41820,1
41874,4
41899,422
42000,62
42100,2
42145,3
42160,1
42180,5
42182,3
42299,4
42300,8
42305,1
42310,6
42330,5
42335,1
42400,2
42408,1
42415,7
42420,3
42440,1
42500,1
42699,1
42700,2917
42720,14
42725,4
42800,7
42804,1
42809,232
42815,1
42820,41
42821,37
42825,5
42826,107
42830,3
42831,2
42836,1
42955,1
42960,204
42961,30
42962,88
42970,12
42971,4
42972,1
42975,1
42999,388
43030,1
43180,3
43191,15
43193,3
43194,65
43195,1
43197,1
43200,29
43202,7
43205,1
43210,1
43212,4
43214,1
43215,69
43217,1
43220,5
43226,3
43231,9
43232,5
43233,10
43235,3456
43236,45
43237,64
43238,33
43239,5572
43241,20
43242,66
43243,1
43244,117
43245,55
43246,234
43247,2055
43248,68
43249,438
43250,10
43251,38
43253,2
43254,2
43255,505
43259,67
43260,43
43261,47
43262,464
43264,641
43265,12
43266,36
43270,55
43273,60
43274,340
43275,48
43276,55
43277,47
43278,2
43280,7
43281,20
43282,12
43285,1
43290,1
43291,3
43450,31
43460,3
43499,16
43500,1
43520,2
43644,1
43653,5
43659,6
43752,360
43753,193
43761,58
43762,7650
43763,104
43770,1
43771,1
43772,3
43774,4
43775,8
43800,2
43830,51
43840,4
43846,1
43847,2
43865,1
43870,1
43999,22
44005,2
44020,2
44025,4
44050,5
44055,1
44120,16
44130,1
44140,13
44143,1
44150,1
44160,7
44180,60
44187,1
44188,3
44202,7
44204,14
44205,1
44206,2
44207,1
44213,2
44227,1
44238,37
44310,1
44312,3
44320,10
44340,8
44345,2
44360,25
44361,9
44363,1
44364,1
44366,15
44372,5
44373,3
44376,27
44377,2
44378,1
44380,6
44381,1
44382,1
44386,3
44388,11
44389,5
44391,2
44392,1
44394,1
44500,17
44602,4
44603,1
44604,6
44640,1
44799,40
44850,1
44899,1
44900,1
44950,126
44955,5
44960,142
44970,11686
44979,14
45000,2
45005,59
45020,19
45100,5
45171,4
45172,1
45300,19
45305,1
45307,8
45317,2
45330,228
45331,137
45332,32
45333,1
45334,54
45335,3
45337,3
45338,5
45340,1
45341,4
45342,1
45346,2
45347,2
45350,2
45378,1865
45379,12
45380,1498
45381,144
45382,328
45384,12
45385,801
45386,4
45388,25
45389,4
45390,10
45393,9
45398,6
45399,12
45400,1
45505,1
45520,1
45540,2
45541,7
45562,1
45900,43
45905,1
45915,160
45990,66
45999,70
46020,79
46040,1074
46045,91
46050,2662
46060,14
46080,6
46083,624
46200,3
46220,6
46221,11
46230,2
46250,6
46255,29
46258,3
46260,38
46270,22
46275,11
46280,7
46285,1
46288,2
46320,109
46500,4
46505,8
46600,880
46601,3
46604,1
46606,1
46608,31
46614,8
46615,2
46750,1
46760,1
46916,1
46922,10
46930,1
46940,1
46945,5
46946,2
46947,2
46948,3
46999,56
47000,211
47001,1
47350,4
47360,1
47379,26
47382,4
47399,5
47420,4
47480,1
47490,95
47531,50
47532,8
47533,21
47534,16
47535,2
47536,286
47537,17
47538,1
47539,4
47540,4
47542,5
47543,1
47544,1
47550,2
47552,1
47562,7245
47563,1130
47564,49
47579,8
47600,46
47605,3
47620,1
47999,15
48102,3
48150,1
49000,37
49002,1
49013,3
49020,15
49060,6
49062,2
49082,2612
49083,11357
49084,79
49180,112
49203,3
49204,2
49250,1
49255,7
49320,240
49321,44
49322,91
49324,22
49325,26
49326,7
49329,129
49400,9
49402,1
49405,77
49406,215
49407,39
49418,62
49419,3
49421,17
49422,35
49423,62
49424,85
49425,1
49426,2
49435,1
49440,310
49441,16
49442,1
49446,23
49450,930
49451,168
49452,413
49460,18
49465,1306
49491,1
49495,3
49496,1
49505,91
49507,153
49520,12
49521,26
49525,2
49540,1
49550,7
49553,29
49557,1
49591,168
49592,207
49593,50
49594,126
49595,6
49596,22
49613,7
49614,5
49615,6
49616,14
49617,1
49618,2
49621,1
49622,1
49623,3
49650,130
49651,15
49659,12
49900,6
49905,1
49999,72
50020,2
50040,11
50080,6
50081,13
50200,45
50220,6
50234,1
50240,3
50365,1
50382,7
50384,3
50385,1
50386,4
50387,41
50389,24
50390,7
50400,1
50430,13
50431,56
50432,396
50433,34
50434,13
50435,1293
50436,5
50437,3
50500,1
50543,22
50544,8
50545,7
50546,3
50590,50
50592,1
50593,1
50605,9
50684,2
50688,7
50690,5
50693,10
50694,12
50695,4
50706,5
50722,1
50760,1
50782,1
50785,1
50947,4
50949,2
50961,1
51040,58
51045,2
51050,5
51100,7
51102,292
51500,1
51525,1
51535,1
51600,60
51610,52
51700,1105
51701,5016
51702,53461
51703,385
51705,1606
51710,17
51715,1
51720,18
51728,1
51729,5
51736,1
51741,7
51784,5
51797,5
51798,12795
51800,1
51840,1
51860,4
51990,66
51992,3
51999,1
52000,155
52001,101
52005,89
52007,1
52204,30
52214,45
52224,29
52234,29
52235,44
52240,40
52250,1
52260,1
52275,2
52276,23
52281,95
52282,22
52283,2
52285,1
52287,2
52300,2
52305,2
52310,90
52315,8
52317,39
52318,32
52320,21
52325,4
52327,1
52330,3
52332,2048
52334,9
52341,6
52342,1
52344,10
52345,1
52351,102
52352,169
52353,45
52354,9
52356,603
52441,4
52442,8
52450,3
52500,12
52601,302
52630,12
52640,2
52647,2
52648,29
52649,8
53020,1
53060,4
53080,1
53200,1
53400,2
53430,1
53445,2
53447,1
53505,2
53600,16
53605,3
53620,8
53660,1
53665,1
53854,3
53855,1
53899,20
54001,16
54015,12
54050,2
54065,1
54100,1
54115,4
54125,1
54150,6
54161,24
54162,1
54163,3
54164,1
54220,591
54230,1
54235,120
54360,9
54401,1
54405,3
54406,4
54416,1
54420,11
54430,15
54435,9
54437,20
54440,10
54450,341
54505,2
54512,12
54520,96
54522,11
54530,13
54600,140
54620,14
54640,317
54650,2
54670,9
54690,1
54692,1
54700,200
54830,7
54840,2
55000,5
55040,10
55041,2
55100,374
55110,20
55120,3
55150,2
55175,1
55180,1
55250,2
55500,1
55520,4
55700,7
55845,1
55865,1
55866,133
55867,30
55899,28
55970,1
55980,1
56405,2109
56420,3165
56440,20
56441,1
56442,5
56501,1
56605,14
56620,4
56625,1
56700,6
56740,20
56800,1
56805,1
56810,5
57000,7
57010,19
57020,3
57022,2
57023,9
57061,1
57065,1
57100,10
57105,2
57120,5
57135,8
57160,29
57180,11
57200,71
57210,5
57220,1
57240,17
57250,18
57260,28
57265,1
57267,2
57268,3
57282,4
57283,6
57285,2
57287,1
57288,37
57291,1
57292,1
57295,2
57410,40
57415,56
57420,2
57423,2
57425,21
57454,2
57455,1
57460,2
57500,42
57505,2
57510,7
57511,1
57520,3
57522,5
57700,1
57720,7
57800,1
58100,240
58110,1
58120,202
58140,8
58145,27
58146,2
58150,12
58152,4
58180,2
58260,12
58262,14
58270,1
58275,2
58290,1
58291,2
58300,118
58301,497
58340,1
58350,7
58542,9
58545,14
58548,1
58550,3
58552,37
58553,2
58554,4
58555,3
58558,111
58559,1
58561,25
58562,9
58563,15
58570,13
58571,230
58572,2
58573,31
58575,1
58578,1
58605,1
58660,15
58661,525
58662,743
58670,1
58671,1
58673,1
58674,1
58679,44
58700,4
58720,11
58750,1
58800,1
58805,1
58920,2
58925,25
58940,2
58943,3
58999,66
59000,1
59020,21
59025,21992
59050,23
59070,1
59120,29
59121,7
59140,3
59150,63
59151,1342
59160,189
59200,23
59300,16
59320,26
59400,1
59409,63
59410,3
59412,36
59414,15
59510,9
59514,21
59515,123
59614,1
59812,1242
59820,324
59821,31
59830,5
59840,27
59841,67
59855,1
59870,14
59899,45
60100,3
60210,2
60212,2
60220,11
60240,31
60252,10
60254,2
60260,1
60271,2
60300,3
60500,13
60522,1
60699,5
61020,2
61070,18
61107,31
61108,3
61120,1
61154,5
61210,11
61312,10
61313,1
61314,2
61315,1
61322,1
61323,1
61345,1
61510,2
61536,1
61537,1
61540,1
61624,1
61626,7
61635,1
61645,2
61650,1
61651,1
61750,1
61781,1
61782,2
61885,1
61888,1
62160,5
62180,1
62223,4
62230,2
62252,29
62258,2
62267,9
62268,6
62269,1
62270,4983
62272,275
62273,587
62282,1
62284,20
62287,1
62290,1
62302,3
62303,2
62304,13
62305,7
62320,8
62321,16
62322,12
62323,69
62328,402
62329,21
62350,6
62361,1
62362,5
62365,1
62368,3
62370,2
62380,2
63001,2
63005,2
63020,1
63030,88
63035,12
63042,8
63045,4
63046,3
63047,72
63048,45
63051,1
63052,1
63056,10
63075,3
63076,2
63200,1
63265,1
63267,9
63281,1
63661,4
63685,1
63688,4
64400,3521
64405,372
64415,117
64416,14
64417,18
64418,21
64420,19
64421,7
64425,3
64430,17
64435,7
64445,96
64446,12
64447,241
64448,15
64449,4
64450,4107
64454,9
64455,15
64461,9
64463,1
64483,26
64484,8
64486,33
64487,2
64488,38
64490,4
64493,7
64494,1
64505,39
64510,2
64520,27
64530,1
64566,2
64568,1
64582,1
64600,2
64612,1
64615,3
64616,1
64617,1
64633,1
64634,1
64635,3
64636,2
64642,2
64643,1
64680,2
64702,4
64704,2
64708,4
64712,1
64716,2
64718,11
64719,2
64721,50
64772,4
64782,1
64820,2
64831,51
64832,9
64834,6
64835,3
64836,3
64840,1
64856,2
64857,4
64864,1
64890,1
64910,3
64912,2
64999,201
65093,1
65101,1
65175,1
65205,1725
65210,59
65220,2357
65222,1984
65235,97
65265,2
65270,10
65275,21
65280,9
65285,35
65286,3
65290,3
65430,2
65435,5
65730,1
65779,1
65800,33
65810,5
65815,5
65850,2
65870,1
65920,2
66020,1
66030,10
66172,1
66174,1
66180,15
66183,8
66250,5
66500,2
66680,3
66710,15
66711,1
66740,2
66761,17
66825,1
66850,1
66852,2
66920,2
66940,2
66982,3
66983,1
66984,15
66991,1
66999,75
67010,1
67015,10
67025,9
67028,145
67036,14
67039,5
67040,6
67041,2
67042,2
67101,1
67105,17
67107,4
67108,63
67110,29
67113,17
67141,1
67145,3
67210,4
67220,1
67228,9
67229,1
67255,1
67299,1
67400,35
67405,12
67412,1
67413,2
67415,2
67515,4
67599,2
67700,149
67715,43
67800,5
67808,1
67825,1
67840,1
67875,5
67880,1
67900,18
67904,1
67911,1
67930,18
67935,22
67938,171
67950,68
67961,1
68020,1
68110,1
68200,15
68325,1
68360,1
68399,6
68420,2
68530,1
68700,11
68761,1
68801,1
68810,1
68815,11
68841,1
69000,858
69005,39
69020,54
69090,16
69145,3
69200,8444
69205,90
69209,9180
69210,3385
69220,3
69222,1
69399,12
69420,3
69433,1
69436,18
69502,2
69631,2
69645,1
69660,1
69670,1
69799,5
69801,2
69930,1
69990,6
70030,104
70100,456
70110,1355
70120,2
70130,1
70134,1
70140,748
70150,1460
70160,4372
70190,32
70200,178
70210,104
70220,196
70250,2452
70260,179
70300,2
70310,10
70320,2
70328,30
70330,138
70336,5
70355,285
70360,13674
70371,2
70450,705523
70460,1055
70470,1367
70480,5661
70481,3648
70482,291
70486,76611
70487,10367
70488,438
70490,5082
70491,23929
70492,546
70496,68366
70498,74297
70540,197
70542,23
70543,1206
70544,6222
70545,481
70546,373
70547,2349
70548,795
70549,2153
70551,39003
70552,200
70553,12400
70554,22
70557,1
70559,1
71045,1362537
71046,418423
71047,94
71048,55
71100,9008
71101,28566
71110,1071
71111,2332
71120,949
71130,33
71250,36946
71260,67587
71270,1001
71271,21
71275,119697
71550,35
71551,2
71552,37
71555,11
72020,791
72040,33219
72050,3152
72052,216
72070,14032
72072,9294
72074,291
72080,1263
72081,29
72082,164
72083,6
72084,26
72100,77085
72110,5801
72114,117
72120,36
72125,225513
72126,2872
72127,55
72128,22812
72129,2229
72130,202
72131,51741
72132,2657
72133,130
72141,7929
72142,44
72146,3707
72147,32
72148,12115
72149,76
72156,2306
72157,2019
72158,3835
72170,48196
72190,744
72191,205
72192,13544
72193,4414
72194,111
72195,979
72196,33
72197,1104
72198,7
72200,37
72202,105
72220,7347
72240,1
72265,3
73000,12304
73010,1806
73020,5123
73030,145750
73050,175
73060,33964
73070,20387
73080,63400
73090,62398
73092,963
73100,15912
73110,105364
73115,1
73120,12565
73130,134334
73140,53304
73200,6764
73201,1750
73202,51
73206,1031
73218,233
73219,1
73220,176
73221,502
73222,3
73223,92
73225,2
73501,3459
73502,66390
73503,394
73521,3575
73522,1494
73523,616
73525,2
73551,1157
73552,29764
73560,29235
73562,116876
73564,43478
73565,81
73590,67667
73592,937
73600,11606
73610,134382
73615,1
73620,12688
73630,129298
73650,2156
73660,15659
73700,18225
73701,4215
73702,198
73706,2368
73718,613
73719,10
73720,321
73721,1784
73722,15
73723,241
73725,6
74018,67189
74019,17626
74021,1399
74022,11766
74150,833
74160,498
74170,225
74174,19277
74175,1298
74176,313056
74177,464245
74178,6963
74181,3324
74182,37
74183,1229
74185,19
74190,9
74220,514
74221,43
74230,248
74240,431
74246,23
74248,42
74250,315
74262,1
74270,77
74280,26
74283,183
74290,1
74300,280
74301,4
74328,257
74329,1
74330,75
74340,49
74355,2
74360,4
74400,1
74415,1
74420,184
74425,29
74430,54
74450,62
74455,7
74485,3
75557,1
75561,19
75565,4
75571,97
75572,25
75574,1025
75605,2
75625,16
75630,7
75635,1814
75710,61
75716,8
75726,28
75736,10
75741,3
75743,3
75746,2
75756,1
75774,27
75809,141
75820,40
75822,11
75825,11
75827,35
75831,1
75860,9
75885,1
75894,9
75898,6
75901,6
75902,7
75984,194
75989,133
76000,1896
76010,3911
76080,91
76098,27
76100,333
76140,20
76376,15356
76377,5477
76380,154
76390,4
76391,1
76496,1
76497,84
76498,17
76499,23
76506,115
76510,15
76511,182
76512,1348
76513,2
76514,1
76519,1
76529,27
76536,5161
76604,6239
76641,1652
76642,3410
76700,42080
76705,178451
76706,86
76770,21989
76775,4667
76776,690
76800,29
76801,86955
76802,870
76805,11679
76810,308
76811,1662
76812,59
76813,10
76815,17921
76816,847
76817,57891
76818,1752
76819,2212
76820,217
76821,34
76825,1
76826,1
76827,7
76830,73350
76856,103620
76857,9422
76870,36555
76872,7
76873,1
76881,1331
76882,5132
76885,36
76886,44
76936,30
76937,2661
76940,1
76942,1280
76975,3
76981,4
76998,33
76999,392
77001,1146
77002,116
77003,43
77012,382
77013,5
77014,1
77021,1
77046,1
77047,7
77049,7
77061,3
77062,7
77063,32
77065,11
77066,33
77067,31
77071,36
77072,10
77073,13
77074,23
77075,378
77076,572
77077,36
77080,31
77081,1
77085,1
77280,3
77290,6
77293,1
77295,4
77300,14
77301,6
77332,2
77333,1
77334,13
77336,27
77338,8
77370,1
77371,1
77372,1
77373,3
77385,12
77386,61
77387,16
77412,20
77417,6
77470,3
77523,1
78018,1
78070,3
78071,1
78075,1
78195,32
78226,762
78227,154
78264,35
78278,45
78290,5
78300,1
78306,17
78315,3
78431,155
78434,154
78445,1
78451,383
78452,10543
78453,16
78454,1
78472,1
78579,36
78580,312
78582,844
78597,2
78630,1
78645,4
78701,1
78707,5
78708,5
78709,3
78800,1
78802,1
78803,33
78812,2
78815,13
78816,5
78830,76
78831,3
78832,21
78999,60
79005,1
79101,3
80047,12683
80048,591087
80050,899
80051,22537
80053,2449091
80055,7
80061,43152
80069,3382
80074,8420
80076,145250
80081,15
80143,51741
80145,7
80150,2299
80151,9
80155,1
80156,1256
80157,1
80158,46
80159,77
80161,64
80162,2246
80164,8977
80165,109
80167,8
80168,10
80169,15
80170,23
80171,23
80173,5
80175,915
80176,12
80177,3283
80178,5312
80179,45505
80180,80
80181,6
80183,268
80184,585
80185,3045
80186,41
80187,2
80188,5
80189,2
80192,382
80195,57
80197,1310
80198,28
80200,5
80201,194
80202,1796
80203,68
80204,10
80210,3
80220,1
80230,10
80235,123
80285,4
80299,5138
80305,19441
80306,39758
80307,449093
80320,91331
80321,56
80323,8
80324,1338
80325,561
80326,2249
80327,1
80329,21017
80330,2
80331,20
80332,28
80333,1
80334,21
80335,89
80337,283
80338,23
80339,40
80340,1
80341,22
80342,11
80344,22
80345,286
80346,1635
80347,105
80348,41
80349,2575
80350,20
80353,799
80354,7835
80355,22
80356,260
80357,21
80358,344
80359,1216
80360,17
80361,2068
80362,41
80363,191
80364,68
80365,456
80366,9
80367,21
80368,10
80370,6
80371,1
80372,1
80373,1
80375,5
80377,12
80400,1
80503,85
80504,61
81000,8773
81001,1174291
81002,49483
81003,480748
81005,5288
81015,16174
81025,321400
81050,73
81170,1
81206,25
81207,15
81208,11
81210,2
81219,6
81220,16
81223,1
81224,1
81225,2
81229,45
81235,1
81240,301
81241,380
81243,3
81245,2
81256,13
81259,1
81263,1
81265,5
81269,2
81270,41
81275,2
81276,2
81277,1
81279,6
81288,2
81291,13
81301,1
81306,1
81310,1
81311,1
81315,1
81329,15
81332,3
81335,1
81338,2
81340,1
81342,3
81361,1
81362,1
81370,3
81372,1
81373,74
81374,48
81376,4
81377,1
81378,1
81379,1
81380,1
81381,9
81382,6
81383,1
81400,1
81401,3
81402,1
81403,21
81404,3
81439,1
81450,4
81455,11
81456,1
81479,36
81500,5
81513,423
81514,38
81596,6
81599,1
82009,9634
82010,23894
82017,28
82024,252
82040,4790
82042,1490
82043,430
82044,6
82075,898
82077,79482
82085,112
82088,153
82103,115
82104,28
82105,780
82107,20
82108,1
82128,1
82131,2
82135,2
82136,2
82139,67
82140,28364
82150,27709
82157,10
82164,351
82172,14
82175,61
82180,23
82232,60
82239,158
82240,25
82247,7506
82248,47059
82261,5
82270,3886
82271,232
82272,2790
82274,2130
82300,6
82306,2422
82308,23
82310,8176
82330,19887
82340,63
82360,9
82365,370
82370,7
82373,2
82374,1722
82375,8144
82376,1
82378,1087
82379,62
82380,2
82382,1
82384,42
82390,181
82397,489
82435,16642
82436,583
82438,8
82465,571
82480,1
82482,3
82495,1312
82523,6
82525,174
82530,34
82533,2032
82540,5
82542,361
82550,117293
82552,1897
82553,32673
82565,20798
82570,6830
82575,17
82585,1
82595,56
82600,26
82607,10001
82608,17
82610,71
82626,11
82627,37
82633,1
82634,3
82652,245
82653,7
82656,9
82657,11
82668,129
82670,99
82671,11
82672,12
82677,1
82679,1
82681,3
82693,37
82705,19
82710,3
82725,1
82726,2
82728,8969
82731,829
82746,6286
82747,81
82776,5
82784,1098
82785,163
82787,85
82800,375
82803,85057
82805,31431
82810,284
82820,84
82941,25
82943,3
82945,4713
82947,104664
82948,76362
82950,52
82951,37
82955,25
82960,5
82962,241983
82977,2285
82978,2
82985,15
83001,202
83002,173
83003,62
83010,1014
83013,181
83014,17
83018,12
83020,127
83021,134
83026,1
83030,79
83033,9
83036,50300
83037,55
83050,6649
83051,224
83060,1
83068,2
83070,4
83088,12
83090,506
83150,11
83497,4
83498,24
83516,1057
83518,4
83519,491
83520,3778
83521,146
83525,141
83527,7
83529,19
83540,10271
83550,6983
83570,1
83605,418431
83615,11684
83625,9
83630,1197
83631,8
83655,240
83690,1018878
83695,74
83698,1
83704,8
83718,380
83721,1120
83735,399175
83785,2
83789,347
83825,68
83835,173
83872,1
83873,54
83874,1862
83880,393566
83883,128
83915,3
83916,144
83918,12
83919,18
83921,326
83930,5186
83935,1921
83937,1
83945,3
83951,8
83970,1254
83986,562
83992,118
83993,492
84030,4
84075,6147
84080,19
84087,1
84100,85966
84105,14
84110,27
84112,2783
84120,6
84132,41712
84133,656
84134,576
84140,2
84143,3
84144,101
84145,92896
84146,945
84150,2
84152,4
84153,1144
84154,221
84155,1302
84156,4648
84157,5176
84160,72
84165,460
84166,118
84181,3
84182,25
84202,3
84206,29
84207,194
84210,8
84220,3
84235,283
84238,11
84244,131
84252,16
84255,10
84260,14
84270,62
84295,32494
84300,3194
84302,221
84305,75
84311,681
84315,7
84376,322
84377,1
84378,2
84402,66
84403,203
84425,608
84432,24
84433,1
84436,5715
84439,49109
84442,27
84443,178957
84445,182
84446,65
84449,1
84450,7236
84460,7301
84466,2314
84478,1184
84479,2009
84480,1670
84481,5203
84482,8
84484,1218227
84510,1
84512,1349
84520,9678
84540,366
84545,1
84550,13959
84560,137
84585,23
84586,7
84588,6
84590,37
84591,33
84597,13
84600,26
84630,104
84681,275
84702,238114
84703,339939
84704,7
84999,268
85002,279
85004,9
85007,69816
85008,6413
85009,54
85013,24
85014,30582
85018,29906
85025,2746359
85027,281362
85032,3
85041,168
85044,411
85045,4127
85046,1466
85048,2150
85049,520
85055,29
85060,611
85097,10
85130,7
85210,5
85220,30
85230,21
85240,410
85244,26
85245,197
85246,298
85247,47
85250,55
85260,15
85270,18
85280,6
85290,8
85291,1
85300,304
85301,36
85302,63
85303,315
85305,67
85306,316
85307,57
85335,19
85347,945
85362,468
85378,8940
85379,137377
85380,2010
85384,9441
85385,27
85390,888
85396,230
85397,148
85410,1
85415,2
85420,13
85460,689
85461,477
85520,6767
85525,10
85549,116
85555,1
85576,1152
85597,24
85598,25
85610,560310
85611,14
85613,380
85635,4
85651,27302
85652,62351
85660,126
85670,1362
85730,378384
85732,44
85810,5
85999,1
86000,3
86001,25
86003,212
86005,1
86008,5
86015,108
86021,71
86022,25
86023,8
86036,227
86037,23
86038,1824
86039,591
86051,19
86052,8
86053,15
86060,449
86063,67
86077,65
86078,18
86140,131465
86141,28470
86146,366
86147,510
86148,67
86156,22
86157,17
86160,1145
86161,62
86162,96
86171,859
86200,316
86215,51
86225,475
86231,14
86235,688
86255,359
86256,110
86258,56
86300,71
86301,773
86304,1017
86305,31
86308,19873
86316,12
86317,717
86318,522
86328,3
86331,1045
86332,7
86334,183
86335,62
86336,75
86337,174
86340,15
86341,322
86352,10
86353,1
86355,62
86356,25
86357,33
86359,317
86360,574
86361,245
86362,27
86363,12
86364,190
86367,1
86376,390
86381,66
86382,1
86403,2584
86406,8
86413,3
86430,225
86431,937
86480,1154
86481,638
86510,69
86580,24
86592,43888
86593,4161
86596,9
86603,6
86606,41
86609,9
86611,198
86612,4
86615,117
86617,185
86618,544
86622,24
86625,118
86628,2
86631,72
86632,57
86635,5153
86638,15
86641,4
86644,498
86645,410
86648,1
86651,15
86652,10
86653,5
86654,7
86658,66
86663,1298
86664,2094
86665,2440
86666,15
86668,5
86671,13
86674,8
86677,182
86682,43
86684,2
86687,2
86688,2
86689,107
86692,11
86694,1391
86695,536
86696,592
86698,32
86701,1694
86702,1081
86703,30975
86704,2101
86705,1217
86706,4735
86707,43
86708,589
86709,1292
86710,806
86711,2
86713,18
86720,7
86727,5
86735,187
86738,251
86747,64
86750,2
86753,20
86756,494
86757,180
86759,2029
86762,666
86765,110
86768,22
86769,5561
86774,4
86777,96
86778,89
86780,57106
86784,1
86787,229
86788,273
86789,239
86790,217
86794,3
86800,206
86803,113222
86804,4
86812,129
86813,1
86830,3
86831,3
86832,18
86833,16
86849,34
86850,118109
86860,115
86870,3314
86880,2027
86885,6796
86886,887
86890,27
86900,175942
86901,182024
86902,959
86904,48
86905,1183
86906,121
86920,10865
86921,87
86922,2883
86923,13530
86927,103
86931,1
86932,65
86940,1
86941,112
86945,132
86965,2
86970,54
86971,29
86972,2
86975,6
86976,8
86977,4
86978,28
86985,49
86999,784
87015,3300
87040,350996
87045,7256
87046,5082
87070,46318
87071,2768
87073,487
87075,9486
87076,3615
87077,156317
87081,47669
87084,1
87086,406820
87088,90421
87101,79
87102,1542
87103,42
87106,1460
87107,133
87109,49
87110,48
87116,926
87118,10
87140,92
87143,2
87147,22837
87149,7834
87150,9194
87153,23
87154,1943
87158,10
87168,12
87169,18
87172,4
87176,327
87177,2959
87181,1036
87184,2853
87185,1338
87186,155635
87187,2
87188,18
87205,34269
87206,928
87207,347
87209,3010
87210,26459
87220,407
87230,19
87252,372
87253,245
87254,68
87255,281
87260,1
87270,13
87272,1
87273,30
87274,30
87275,2373
87276,2373
87278,6
87280,2135
87281,2
87285,73
87290,18
87299,9
87300,8
87301,2
87305,66
87320,53
87324,6246
87327,54
87328,668
87329,715
87335,1162
87337,3
87338,213
87339,10
87340,6704
87341,228
87350,45
87380,1
87385,25
87389,71266
87390,481
87400,28875
87420,11061
87425,251
87426,107860
87427,3562
87428,9146
87430,13101
87449,3375
87451,159
87468,2
87471,28
87476,89
87480,4495
87481,998
87483,800
87486,25610
87490,9
87491,83088
87493,4773
87496,107
87497,341
87498,181
87501,285
87502,80967
87503,547
87505,2618
87506,1670
87507,5829
87510,4487
87511,218
87512,1
87516,1
87517,82
87521,71
87522,5571
87529,3113
87530,66
87532,6
87533,16
87535,92
87536,1013
87538,15
87540,2
87541,16
87550,1
87551,3
87555,1
87556,89
87560,1
87561,52
87563,306
87581,25560
87590,377
87591,77684
87592,55
87593,246
87624,77
87625,2
87631,36816
87632,2196
87633,44716
87634,11417
87635,239325
87636,133617
87637,105017
87640,66
87641,4715
87650,2639
87651,61088
87652,300
87653,415
87660,5258
87661,11129
87662,3
87797,1
87798,77396
87799,314
87800,24
87801,2561
87802,65
87803,181
87804,51761
87806,3481
87807,5209
87808,771
87811,29243
87880,51249
87899,5281
87900,10
87901,14
87902,36
87903,15
87904,1
87905,66
87906,5
87912,1
87999,18
88104,127
88106,4
88108,701
88112,582
88121,2
88141,10
88142,66
88160,31
88161,2
88172,12
88173,49
88175,15
88182,7
88184,234
88185,301
88187,1
88188,2
88189,9
88199,8
88230,3
88233,36
88237,17
88240,2
88262,39
88264,6
88271,10
88274,4
88275,6
88280,2
88283,4
88291,5
88300,869
88302,182
88304,4373
88305,6598
88307,686
88309,209
88311,313
88312,498
88313,284
88321,2
88323,5
88329,22
88331,83
88332,17
88333,23
88334,6
88341,865
88342,1098
88344,52
88346,31
88348,2
88350,25
88360,131
88361,16
88363,8
88364,5
88365,21
88368,3
88369,1
88374,27
88377,17
88381,6
88399,1
88720,133
88738,1
88740,25
89050,876
89051,8341
89055,768
89060,2487
89125,1
89190,38
89220,63
89240,44
90284,1
90371,36
90375,1251
90376,59
90377,310
90384,325
90385,27
90386,8
90389,10
90399,2
90460,52
90461,75
90471,155815
90472,1302
90474,1
90480,18
90620,3
90630,8
90632,19
90633,2
90648,2
90649,1
90650,1
90651,5
90653,90
90657,2
90658,6
90662,70
90670,10
90674,190
90675,4601
90676,2
90677,79
90682,1
90686,824
90688,15
90694,195
90696,1
90697,2
90698,2
90700,118
90702,7
90707,3
90713,1
90714,7625
90715,81226
90716,4
90723,5
90732,144
90734,1
90739,8
90740,3
90743,3
90744,16
90746,36
90750,3
90756,3
90785,9
90791,14839
90792,6474
90832,363
90834,20
90837,15
90838,22
90839,2900
90840,319
90846,37
90847,11
90853,9
90935,2214
90937,99
90940,3
90945,139
90947,3
90962,2
90970,83
90999,98
91010,4
91038,1
91040,4
91110,6
91111,2
91112,5
91113,3
91200,2
91299,3
91300,4
91305,2
91310,1
91312,13
91313,1
91315,1
91317,2
91322,7
92002,19
92004,20
92012,13
92014,24
92018,2
92019,105
92020,2
92025,3
92060,1
92083,16
92100,25
92132,2
92133,27
92134,94
92136,6
92201,2
92229,1
92230,1
92235,12
92250,102
92283,4
92284,27
92285,56
92499,1
92504,30
92507,131
92508,5
92511,110
92520,1
92521,3
92522,51
92523,1400
92524,1
92526,556
92548,1
92550,3
92552,2
92553,2
92557,6
92567,6
92597,3
92610,3681
92611,113
92612,7
92616,5
92650,6
92700,1
92920,58
92921,20
92924,3
92928,416
92929,21
92933,26
92934,1
92937,13
92938,2
92941,40
92943,22
92950,9154
92953,17
92960,5568
92961,15
92973,8
92977,28
92978,266
92979,40
92986,1
93000,4117
93005,1619231
93010,88211
93015,79
93016,37
93017,9391
93018,61
93040,54
93041,509
93042,23
93050,4
93225,132
93226,120
93227,3
93228,2
93229,40
93241,1
93242,483
93243,178
93244,44
93245,1
93246,1270
93247,287
93248,23
93260,2
93261,2
93268,1
93270,54
93271,31
93272,10
93278,1
93279,14
93280,136
93281,3
93282,5
93283,16
93284,26
93285,2
93286,6
93287,4
93288,447
93289,103
93290,4
93291,3
93292,17
93293,1
93294,2
93295,1
93296,61
93297,1
93298,1
93303,278
93304,79
93306,25872
93307,132
93308,10439
93312,278
93313,5
93314,1
93318,12
93319,5
93320,547
93321,458
93325,1036
93350,503
93351,347
93352,5
93355,1
93356,1336
93451,25
93452,13
93453,3
93454,352
93455,42
93456,14
93457,1
93458,1974
93459,140
93460,87
93461,7
93462,9
93463,3
93464,1
93503,13
93505,2
93563,1
93567,33
93571,176
93572,35
93580,5
93591,2
93595,1
93600,1
93602,1
93603,1
93609,33
93610,1
93612,1
93613,7
93618,1
93619,1
93620,7
93621,2
93623,49
93640,2
93641,3
93642,2
93650,3
93653,32
93654,3
93655,28
93656,52
93657,17
93660,4
93662,19
93724,1
93750,14
93770,8
93786,1
93788,1
93797,1
93798,10
93799,47
93880,3693
93882,43
93886,27
93888,3
93892,9
93893,36
93922,1485
93923,328
93924,757
93925,1577
93926,3387
93930,251
93931,877
93970,36099
93971,94989
93975,25742
93976,20464
93978,70
93979,159
93980,18
93981,9
93985,595
93986,7
93990,455
93998,75
94002,2154
94003,321
94004,2
94010,987
94060,59
94150,411
94200,15
94375,24
94450,2
94610,1
94617,1
94618,35
94621,3
94625,3
94640,162945
94642,2879
94644,14239
94645,4876
94660,3693
94662,1
94664,17331
94667,396
94668,217
94669,50
94681,833
94690,1
94726,12
94727,2
94729,20
94760,23844
94761,8461
94762,5246
94799,6314
95117,1
95180,3
95251,1
95700,106
95705,11
95707,1
95708,2
95711,17
95712,11
95713,16
95714,45
95715,2
95716,17
95718,2
95806,1
95812,100
95813,156
95816,667
95819,547
95822,19
95861,4
95869,4
95870,1
95885,1
95886,1
95912,1
95913,1
95926,3
95937,2
95938,31
95939,28
95940,25
95941,5
95955,2
95957,2
95961,1
95970,2
95983,2
95990,1
95991,2
95992,62
96040,1
96105,2
96112,1
96125,83
96130,1
96131,1
96132,1
96133,1
96138,1
96156,7
96158,1
96159,1
96170,3
96360,222024
96361,518259
96365,286345
96366,68578
96367,31584
96368,13639
96369,6
96371,4
96372,712449
96373,113
96374,1082829
96375,727364
96376,172887
96377,2
96379,6577
96401,200
96402,12
96409,21
96411,14
96413,101
96415,37
96416,4
96417,22
96420,1
96450,56
96521,54
96523,17
96542,1
96549,6
96900,4
96936,1
96999,3
97010,2
97012,1
97035,2
97110,3782
97112,528
97116,8327
97124,1
97129,7
97139,63
97140,40
97150,6
97161,13999
97162,11189
97163,2671
97164,33
97165,6279
97166,3907
97167,710
97168,7
97530,12590
97535,4656
97537,3
97542,36
97597,496
97598,10
97602,114
97605,32
97606,12
97607,14
97608,2
97610,1
97750,19
97760,29
97761,2
97763,10
97799,1
97802,6
97803,6
97810,11
97813,1
97814,1
98925,4
98926,1
98960,56
98967,1
99000,2276
99001,18506
99002,18
99024,29
99053,35
99070,66950
99071,1
99072,1
99078,1
99080,1
99100,2
99140,11
99151,952
99152,10890
99153,3259
99155,387
99156,2082
99157,999
99172,4
99173,898
99183,3
99195,17
99199,18585
99202,247
99203,339
99204,387
99205,177
99211,1401
99212,1013
99213,2293
99214,5119
99215,1302
99221,17447
99222,8684
99223,628
99231,628
99232,483
99233,138
99234,404
99235,228
99236,89
99238,1804
99239,369
99242,1011
99243,1559
99244,256
99245,84
99252,178
99253,113
99254,112
99255,70
99281,195487
99282,717567
99283,2122278
99284,2009387
99285,1053744
99288,1
99291,62196
99292,4324
99316,1
99366,1
99374,2
99381,2
99382,2
99383,6
99384,8
99385,1
99393,1
99395,2
99397,1
99406,2534
99407,10
99408,1052
99409,47
99417,3
99441,6
99442,23
99443,3
99446,13
99447,20
99448,43
99449,12
99464,2
99465,7
99466,2
99468,1
99471,1
99495,1
99496,2
99497,3
99499,1967
